child_question,parent_question,keep_if_parent_value_equals
OtherHeartorBloodCondition_FreeTextBox,Circulatory_CirculatoryConditions,CirculatoryConditions_OtherHeartorBloodCondition
Circulatory_AnemiaCurrently,Circulatory_CirculatoryConditions,CirculatoryConditions_Anemia
Circulatory_HowOldWereYouAnemia,Circulatory_CirculatoryConditions,CirculatoryConditions_Anemia
Circulatory_RxMedsforAnemia,Circulatory_CirculatoryConditions,CirculatoryConditions_Anemia
Circulatory_AtrialFibrillationCurrently,Circulatory_CirculatoryConditions,CirculatoryConditions_AtrialFibrillation
Circulatory_HowOldWereYouAtrialFibrillation,Circulatory_CirculatoryConditions,CirculatoryConditions_AtrialFibrillation
Circulatory_RxMedsforAtrialFibrillation,Circulatory_CirculatoryConditions,CirculatoryConditions_AtrialFibrillation
Circulatory_BleedingDisorderCurrently,Circulatory_CirculatoryConditions,CirculatoryConditions_BleedingDisorder
Circulatory_HowOldWereYouBleedingDisorder,Circulatory_CirculatoryConditions,CirculatoryConditions_BleedingDisorder
Circulatory_RxMedsforBleedingDisorder,Circulatory_CirculatoryConditions,CirculatoryConditions_BleedingDisorder
Circulatory_CongestiveHeartFailureCurrently,Circulatory_CirculatoryConditions,CirculatoryConditions_CongestiveHeartFailure
Circulatory_HowOldWereYouCongestiveHeartFailure,Circulatory_CirculatoryConditions,CirculatoryConditions_CongestiveHeartFailure
Circulatory_RxMedsforCongestiveHeartFailure,Circulatory_CirculatoryConditions,CirculatoryConditions_CongestiveHeartFailure
Circulatory_CoronaryArteryCurrently,Circulatory_CirculatoryConditions,CirculatoryConditions_CoronaryArtery
Circulatory_HowOldWereYouCoronaryArtery,Circulatory_CirculatoryConditions,CirculatoryConditions_CoronaryArtery
Circulatory_RxMedsforCoronaryArtery,Circulatory_CirculatoryConditions,CirculatoryConditions_CoronaryArtery
Circulatory_HeartAttackCurrently,Circulatory_CirculatoryConditions,CirculatoryConditions_HeartAttack
Circulatory_HowOldWereYouHeartAttack,Circulatory_CirculatoryConditions,CirculatoryConditions_HeartAttack
Circulatory_RxMedsforHeartAttack,Circulatory_CirculatoryConditions,CirculatoryConditions_HeartAttack
Circulatory_HeartValveDiseaseCurrently,Circulatory_CirculatoryConditions,CirculatoryConditions_HeartValveDisease
Circulatory_HowOldWereYouHeartValveDisease,Circulatory_CirculatoryConditions,CirculatoryConditions_HeartValveDisease
Circulatory_RxMedsforHeartValveDisease,Circulatory_CirculatoryConditions,CirculatoryConditions_HeartValveDisease
Circulatory_HighCholesterolCurrently,Circulatory_CirculatoryConditions,CirculatoryConditions_HighCholesterol
Circulatory_HowOldWereYouHighCholesterol,Circulatory_CirculatoryConditions,CirculatoryConditions_HighCholesterol
Circulatory_RxMedsforHighCholesterol,Circulatory_CirculatoryConditions,CirculatoryConditions_HighCholesterol
Circulatory_HypertensionCurrently,Circulatory_CirculatoryConditions,CirculatoryConditions_Hypertension
Circulatory_HowOldWereYouHypertension,Circulatory_CirculatoryConditions,CirculatoryConditions_Hypertension
Circulatory_PrescribedMedsforHypertension,Circulatory_CirculatoryConditions,CirculatoryConditions_Hypertension
Circulatory_PeripheralVascularDiseaseCurrently,Circulatory_CirculatoryConditions,CirculatoryConditions_PeripheralVascularDisease
Circulatory_HowOldWereYouPeripheralVascularDisease,Circulatory_CirculatoryConditions,CirculatoryConditions_PeripheralVascularDisease
Circulatory_RxMedsforPeripheralVascularDisease,Circulatory_CirculatoryConditions,CirculatoryConditions_PeripheralVascularDisease
Circulatory_PulmonaryEmbolismCurrently,Circulatory_CirculatoryConditions,CirculatoryConditions_PulmonaryEmbolism
Circulatory_HowOldWereYouPulmonaryEmbolism,Circulatory_CirculatoryConditions,CirculatoryConditions_PulmonaryEmbolism
Circulatory_RxMedsforPulmonaryEmbolism,Circulatory_CirculatoryConditions,CirculatoryConditions_PulmonaryEmbolism
Circulatory_SickleCellDiseaseCurrently,Circulatory_CirculatoryConditions,CirculatoryConditions_SickleCellDisease
Circulatory_HowOldWereYouSickleCellDisease,Circulatory_CirculatoryConditions,CirculatoryConditions_SickleCellDisease
Circulatory_RxMedsforSickleCellDisease,Circulatory_CirculatoryConditions,CirculatoryConditions_SickleCellDisease
Circulatory_StrokeCurrently,Circulatory_CirculatoryConditions,CirculatoryConditions_Stroke
Circulatory_HowOldWereYouStroke,Circulatory_CirculatoryConditions,CirculatoryConditions_Stroke
Circulatory_RxMedsforStroke,Circulatory_CirculatoryConditions,CirculatoryConditions_Stroke
Circulatory_TransientIschemicAttackCurrently,Circulatory_CirculatoryConditions,CirculatoryConditions_TransientIschemicAttack
Circulatory_HowOldWereYouTransientIschemicAttack,Circulatory_CirculatoryConditions,CirculatoryConditions_TransientIschemicAttack
Circulatory_RxMedsforTransientIschemicAttack,Circulatory_CirculatoryConditions,CirculatoryConditions_TransientIschemicAttack
Circulatory_OtherHeartBloodCurrently,Circulatory_CirculatoryConditions,CirculatoryConditions_OtherHeartorBloodCondition
Circulatory_HowOldWereYouOtherHeartBlood,Circulatory_CirculatoryConditions,CirculatoryConditions_OtherHeartorBloodCondition
Circulatory_RxMedsforOtherHeartBlood,Circulatory_CirculatoryConditions,CirculatoryConditions_OtherHeartorBloodCondition
OtherRespiratory_FreeTextBox,Respiratory_RespiratoryConditions,RespiratoryConditions_OtherLungCondition
Respiratory_AsthmaCurrently,Respiratory_RespiratoryConditions,RespiratoryConditions_Asthma
Respiratory_HowOldWereYouAsthma,Respiratory_RespiratoryConditions,RespiratoryConditions_Asthma
Respiratory_RxMedsforAsthma,Respiratory_RespiratoryConditions,RespiratoryConditions_Asthma
Respiratory_ChronicLungDiseaseCurrently,Respiratory_RespiratoryConditions,RespiratoryConditions_ChronicLung
Respiratory_HowOldWereYouChronicLungDisease,Respiratory_RespiratoryConditions,RespiratoryConditions_ChronicLung
Respiratory_RxMedsforChronicLungDisease,Respiratory_RespiratoryConditions,RespiratoryConditions_ChronicLung
Respiratory_SleepApneaCurrently,Respiratory_RespiratoryConditions,RespiratoryConditions_SleepApnea
Respiratory_HowOldWereYouSleepApnea,Respiratory_RespiratoryConditions,RespiratoryConditions_SleepApnea
Respiratory_RxMedsforSleepApnea,Respiratory_RespiratoryConditions,RespiratoryConditions_SleepApnea
Respiratory_OtherLungConditionCurrently,Respiratory_RespiratoryConditions,RespiratoryConditions_OtherLungCondition
Respiratory_HowOldWereYouOtherLungCondition,Respiratory_RespiratoryConditions,RespiratoryConditions_OtherLungCondition
Respiratory_RxMedsforOtherLungCondition,Respiratory_RespiratoryConditions,RespiratoryConditions_OtherLungCondition
OtherCancer_FreeTextBox,Cancer_CancerConditions,CancerConditions_OtherCancer
Cancer_BladderCancerCurrently,Cancer_CancerConditions,CancerConditions_BladderCancer
Cancer_HowOldWereYouBladderCancer,Cancer_CancerConditions,CancerConditions_BladderCancer
Cancer_RxMedsforBladderCancer,Cancer_CancerConditions,CancerConditions_BladderCancer
Cancer_BloodCancerCurrently,Cancer_CancerConditions,CancerConditions_BloodCancer
Cancer_HowOldWereYouBloodCancer,Cancer_CancerConditions,CancerConditions_BloodCancer
Cancer_RxMedsforBloodCancer,Cancer_CancerConditions,CancerConditions_BloodCancer
Cancer_BoneCancerCurrently,Cancer_CancerConditions,CancerConditions_BoneCancer
Cancer_HowOldWereYouBoneCancer,Cancer_CancerConditions,CancerConditions_BoneCancer
Cancer_RxMedsforBoneCancer,Cancer_CancerConditions,CancerConditions_BoneCancer
Cancer_BrainCancerCurrently,Cancer_CancerConditions,CancerConditions_BrainCancer
Cancer_HowOldWereYouBrainCancer,Cancer_CancerConditions,CancerConditions_BrainCancer
Cancer_RxMedsforBrainCancer,Cancer_CancerConditions,CancerConditions_BrainCancer
Cancer_BreastCancerCurrently,Cancer_CancerConditions,CancerConditions_BreastCancer
Cancer_HowOldWereYouBreastCancer,Cancer_CancerConditions,CancerConditions_BreastCancer
Cancer_RxMedsforBreastCancer,Cancer_CancerConditions,CancerConditions_BreastCancer
Cancer_CervicalCancerCurrently,Cancer_CancerConditions,CancerConditions_CervicalCancer
Cancer_HowOldWereYouCervicalCancer,Cancer_CancerConditions,CancerConditions_CervicalCancer
Cancer_RxMedsforCervicalCancer,Cancer_CancerConditions,CancerConditions_CervicalCancer
Cancer_ColonRectalCancerCurrently,Cancer_CancerConditions,CancerConditions_ColonRectalCancer
Cancer_HowOldWereYouColonRectalCancer,Cancer_CancerConditions,CancerConditions_ColonRectalCancer
Cancer_RxMedsforColonRectalCancer,Cancer_CancerConditions,CancerConditions_ColonRectalCancer
Cancer_EndocrineCancerCurrently,Cancer_CancerConditions,CancerConditions_EndocrineCancer
Cancer_HowOldWereYouEndocrineCancer,Cancer_CancerConditions,CancerConditions_EndocrineCancer
Cancer_RxMedsforEndocrineCancer,Cancer_CancerConditions,CancerConditions_EndocrineCancer
Cancer_EndometrialCancerCurrently,Cancer_CancerConditions,CancerConditions_EndometrialCancer
Cancer_HowOldWereYouEndometrialCancer,Cancer_CancerConditions,CancerConditions_EndometrialCancer
Cancer_RxMedsforEndometrialCancer,Cancer_CancerConditions,CancerConditions_EndometrialCancer
Cancer_EsophagealCancerCurrently,Cancer_CancerConditions,CancerConditions_EsophagealCancer
Cancer_HowOldWereYouEsophagealCancer,Cancer_CancerConditions,CancerConditions_EsophagealCancer
Cancer_RxMedsforEsophagealCancer,Cancer_CancerConditions,CancerConditions_EsophagealCancer
Cancer_EyeCancerCurrently,Cancer_CancerConditions,CancerConditions_EyeCancer
Cancer_HowOldWereYouEyeCancer,Cancer_CancerConditions,CancerConditions_EyeCancer
Cancer_RxMedsforEyeCancer,Cancer_CancerConditions,CancerConditions_EyeCancer
Cancer_HeadNeckCancerCurrently,Cancer_CancerConditions,CancerConditions_HeadNeckCancer
Cancer_HowOldWereYouHeadNeckCancer,Cancer_CancerConditions,CancerConditions_HeadNeckCancer
Cancer_RxMedsforHeadNeckCancer,Cancer_CancerConditions,CancerConditions_HeadNeckCancer
Cancer_KidneyCancerCurrently,Cancer_CancerConditions,CancerConditions_KidneyCancer
Cancer_HowOldWereYouKidneyCancer,Cancer_CancerConditions,CancerConditions_KidneyCancer
Cancer_RxMedsforKidneyCancer,Cancer_CancerConditions,CancerConditions_KidneyCancer
Cancer_LungCancerCurrently,Cancer_CancerConditions,CancerConditions_LungCancer
Cancer_HowOldWereYouLungCancer,Cancer_CancerConditions,CancerConditions_LungCancer
Cancer_RxMedsforLungCancer,Cancer_CancerConditions,CancerConditions_LungCancer
Cancer_OvarianCancerCurrently,Cancer_CancerConditions,CancerConditions_OvarianCancer
Cancer_HowOldWereYouOvarianCancer,Cancer_CancerConditions,CancerConditions_OvarianCancer
Cancer_RxMedsforOvarianCancer,Cancer_CancerConditions,CancerConditions_OvarianCancer
Cancer_PancreaticCancerCurrently,Cancer_CancerConditions,CancerConditions_PancreaticCancer
Cancer_HowOldWereYouPancreaticCancer,Cancer_CancerConditions,CancerConditions_PancreaticCancer
Cancer_RxMedsforPancreaticCancer,Cancer_CancerConditions,CancerConditions_PancreaticCancer
Cancer_ProstateCancerCurrently,Cancer_CancerConditions,CancerConditions_ProstateCancer
Cancer_HowOldWereYouProstateCancer,Cancer_CancerConditions,CancerConditions_ProstateCancer
Cancer_RxMedsforProstateCancer,Cancer_CancerConditions,CancerConditions_ProstateCancer
Cancer_SkinCancerCurrently,Cancer_CancerConditions,CancerConditions_SkinCancer
Cancer_HowOldWereYouSkinCancer,Cancer_CancerConditions,CancerConditions_SkinCancer
Cancer_RxMedsforSkinCancer,Cancer_CancerConditions,CancerConditions_SkinCancer
Cancer_StomachCancerCurrently,Cancer_CancerConditions,CancerConditions_StomachCancer
Cancer_HowOldWereYouStomachCancer,Cancer_CancerConditions,CancerConditions_StomachCancer
Cancer_RxMedsforStomachCancer,Cancer_CancerConditions,CancerConditions_StomachCancer
Cancer_ThyroidCancerCurrently,Cancer_CancerConditions,CancerConditions_ThyroidCancer
HowOldWereYouThyroidCancer_Child,Cancer_CancerConditions,CancerConditions_ThyroidCancer
Cancer_RxMedsforThyroidCancer,Cancer_CancerConditions,CancerConditions_ThyroidCancer
Cancer_OtherCancerCurrently,Cancer_CancerConditions,CancerConditions_OtherCancer
Cancer_HowOldWereYouOtherCancer,Cancer_CancerConditions,CancerConditions_OtherCancer
Cancer_RxMedsforOtherCancer,Cancer_CancerConditions,CancerConditions_OtherCancer
OtherDigestiveCondition_FreeTextBox,Digestive_DigestiveSystemConditions,DigestiveSystemConditions_OtherDigestiveCondition
Digestive_AcidRefluxCurrently,Digestive_DigestiveSystemConditions,DigestiveSystemConditions_AcidReflux
Digestive_HowOldWereYouAcidReflux,Digestive_DigestiveSystemConditions,DigestiveSystemConditions_AcidReflux
Digestive_RxMedsforAcidReflux,Digestive_DigestiveSystemConditions,DigestiveSystemConditions_AcidReflux
Digestive_BowelObstructionCurrently,Digestive_DigestiveSystemConditions,DigestiveSystemConditions_BowelObstruction
Digestive_HowOldWereYouBowelObstruction,Digestive_DigestiveSystemConditions,DigestiveSystemConditions_BowelObstruction
Digestive_RxMedsforBowelObstruction,Digestive_DigestiveSystemConditions,DigestiveSystemConditions_BowelObstruction
Digestive_CeliacDiseaseCurrently,Digestive_DigestiveSystemConditions,DigestiveSystemConditions_CeliacDisease
Digestive_HowOldWereYouCeliacDisease,Digestive_DigestiveSystemConditions,DigestiveSystemConditions_CeliacDisease
Digestive_RxMedsforCeliacDisease,Digestive_DigestiveSystemConditions,DigestiveSystemConditions_CeliacDisease
Digestive_ColonPolypsCurrently,Digestive_DigestiveSystemConditions,DigestiveSystemConditions_ColonPolyps
Digestive_HowOldWereYouColonPolyps,Digestive_DigestiveSystemConditions,DigestiveSystemConditions_ColonPolyps
Digestive_RxMedsforColonPolyps,Digestive_DigestiveSystemConditions,DigestiveSystemConditions_ColonPolyps
Digestive_CrohnsDiseaseCurrently,Digestive_DigestiveSystemConditions,DigestiveSystemConditions_CrohnsDisease
Digestive_HowOldWereYouCrohnsDisease,Digestive_DigestiveSystemConditions,DigestiveSystemConditions_CrohnsDisease
Digestive_RxMedsforCrohnsDisease,Digestive_DigestiveSystemConditions,DigestiveSystemConditions_CrohnsDisease
Digestive_DiverticulosisCurrently,Digestive_DigestiveSystemConditions,DigestiveSystemConditions_Diverticulosis
Digestive_HowOldWereYouDiverticulosis,Digestive_DigestiveSystemConditions,DigestiveSystemConditions_Diverticulosis
Digestive_RxMedsforDiverticulosis,Digestive_DigestiveSystemConditions,DigestiveSystemConditions_Diverticulosis
Digestive_GallStonesCurrently,Digestive_DigestiveSystemConditions,DigestiveSystemConditions_GallStones
Digestive_HowOldWereYouGallStones,Digestive_DigestiveSystemConditions,DigestiveSystemConditions_GallStones
Digestive_RxMedsforGallStones,Digestive_DigestiveSystemConditions,DigestiveSystemConditions_GallStones
Digestive_HemorrhoidsCurrently,Digestive_DigestiveSystemConditions,DigestiveSystemConditions_Hemorrhoids
Digestive_HowOldWereYouHemorrhoids,Digestive_DigestiveSystemConditions,DigestiveSystemConditions_Hemorrhoids
Digestive_RxMedsforHemorrhoids,Digestive_DigestiveSystemConditions,DigestiveSystemConditions_Hemorrhoids
Digestive_HerniaCurrently,Digestive_DigestiveSystemConditions,DigestiveSystemConditions_Hernia
Digestive_HowOldWereYouHernia,Digestive_DigestiveSystemConditions,DigestiveSystemConditions_Hernia
Digestive_RxMedsforHernia,Digestive_DigestiveSystemConditions,DigestiveSystemConditions_Hernia
Digestive_IrritableBowelCurrently,Digestive_DigestiveSystemConditions,DigestiveSystemConditions_IrritableBowel
Digestive_HowOldWereYouIrritableBowel,Digestive_DigestiveSystemConditions,DigestiveSystemConditions_IrritableBowel
Digestive_RxMedsforIrritableBowel,Digestive_DigestiveSystemConditions,DigestiveSystemConditions_IrritableBowel
Digestive_LiverConditionCurrently,Digestive_DigestiveSystemConditions,DigestiveSystemConditions_LiverCondition
Digestive_HowOldWereYouLiverCondition,Digestive_DigestiveSystemConditions,DigestiveSystemConditions_LiverCondition
Digestive_RxMedsforLiverCondition,Digestive_DigestiveSystemConditions,DigestiveSystemConditions_LiverCondition
Digestive_PancreatitisCurrently,Digestive_DigestiveSystemConditions,DigestiveSystemConditions_Pancreatitis
Digestive_HowOldWereYouPancreatitis,Digestive_DigestiveSystemConditions,DigestiveSystemConditions_Pancreatitis
Digestive_RxMedsforPancreatitis,Digestive_DigestiveSystemConditions,DigestiveSystemConditions_Pancreatitis
Digestive_PepticUlcersCurrently,Digestive_DigestiveSystemConditions,DigestiveSystemConditions_PepticUlcers
Digestive_HowOldWereYouPepticUlcers,Digestive_DigestiveSystemConditions,DigestiveSystemConditions_PepticUlcers
Digestive_RxMedsforPepticUlcers,Digestive_DigestiveSystemConditions,DigestiveSystemConditions_PepticUlcers
Digestive_UlcerativeColitisCurrently,Digestive_DigestiveSystemConditions,DigestiveSystemConditions_UlcerativeColitis
Digestive_HowOldWereYouUlcerativeColitis,Digestive_DigestiveSystemConditions,DigestiveSystemConditions_UlcerativeColitis
Digestive_RxMedsforUlcerativeColitis,Digestive_DigestiveSystemConditions,DigestiveSystemConditions_UlcerativeColitis
Digestive_OtherDigestiveConditionCurrently,Digestive_DigestiveSystemConditions,DigestiveSystemConditions_OtherDigestiveCondition
Digestive_HowOldWereYouOtherDigestiveCondition,Digestive_DigestiveSystemConditions,DigestiveSystemConditions_OtherDigestiveCondition
Digestive_RxMedsforOtherDigestiveCondition,Digestive_DigestiveSystemConditions,DigestiveSystemConditions_OtherDigestiveCondition
OtherDiabetes_FreeTextBox,Endocrine_EndocrineConditions,EndocrineConditions_OtherDiabetes
OtherThyroid_FreeTextBox,Endocrine_EndocrineConditions,EndocrineConditions_OtherThyroid
OtherHormoneEndocrine_FreeTextBox,Endocrine_EndocrineConditions,EndocrineConditions_OtherHormoneEndocrine
Endocrine_HyperthyroidismCurrently,Endocrine_EndocrineConditions,EndocrineConditions_Hyperthyroidism
Endocrine_HowOldWereYouHyperthyroidism,Endocrine_EndocrineConditions,EndocrineConditions_Hyperthyroidism
Endocrine_RxMedsforHyperthyroidism,Endocrine_EndocrineConditions,EndocrineConditions_Hyperthyroidism
Endocrine_HypothyroidismCurrently,Endocrine_EndocrineConditions,EndocrineConditions_Hypothyroidism
Endocrine_HowOldWereYouHypothyroidism,Endocrine_EndocrineConditions,EndocrineConditions_Hypothyroidism
Endocrine_RxMedsforHypothyroidism,Endocrine_EndocrineConditions,EndocrineConditions_Hypothyroidism
Endocrine_PrediabetesCurrently,Endocrine_EndocrineConditions,EndocrineConditions_PreDiabetes
Endocrine_HowOldWereYouPrediabetes,Endocrine_EndocrineConditions,EndocrineConditions_PreDiabetes
Endocrine_RxMedsforPrediabetes,Endocrine_EndocrineConditions,EndocrineConditions_PreDiabetes
Endocrine_Type1DiabetesCurrently,Endocrine_EndocrineConditions,EndocrineConditions_Type1Diabetes
Endocrine_HowOldWereYouType1Diabetes,Endocrine_EndocrineConditions,EndocrineConditions_Type1Diabetes
Endocrine_RxMedsforType1Diabetes,Endocrine_EndocrineConditions,EndocrineConditions_Type1Diabetes
Endocrine_Type2DiabetesCurrently,Endocrine_EndocrineConditions,EndocrineConditions_Type2Diabetes
Endocrine_HowOldWereYouType2Diabetes,Endocrine_EndocrineConditions,EndocrineConditions_Type2Diabetes
Endocrine_RxMedsforType2Diabetes,Endocrine_EndocrineConditions,EndocrineConditions_Type2Diabetes
Endocrine_OtherDiabetesCurrently,Endocrine_EndocrineConditions,EndocrineConditions_OtherDiabetes
Endocrine_HowOldWereYouOtherDiabetes,Endocrine_EndocrineConditions,EndocrineConditions_OtherDiabetes
Endocrine_RxMedsforOtherDiabetes,Endocrine_EndocrineConditions,EndocrineConditions_OtherDiabetes
Endocrine_OtherThyroidCurrently,Endocrine_EndocrineConditions,EndocrineConditions_OtherThyroid
Endocrine_HowOldWereYouOtherThyroid,Endocrine_EndocrineConditions,EndocrineConditions_OtherThyroid
Endocrine_RxMedsforOtherThyroid,Endocrine_EndocrineConditions,EndocrineConditions_OtherThyroid
Endocrine_OtherHormone/EndocrineConditionCurrently,Endocrine_EndocrineConditions,EndocrineConditions_OtherHormoneEndocrine
Endocrine_HowOldWereYouOtherHormone/EndocrineCondition,Endocrine_EndocrineConditions,EndocrineConditions_OtherHormoneEndocrine
Endocrine_RxMedsforOtherHormone/EndocrineCondition,Endocrine_EndocrineConditions,EndocrineConditions_OtherHormoneEndocrine
OtherKidneyCondition_FreeTextBox,Kidney_KidneyConditions,KidneyConditions_OtherKidneyCondition
Kidney_AcuteKidneyNoDialysisCurrently,Kidney_KidneyConditions,KidneyConditions_AcuteKidneyNoDialysis
Kidney_HowOldWereYouAcuteKidneyNoDialysis,Kidney_KidneyConditions,KidneyConditions_AcuteKidneyNoDialysis
Kidney_RxMedsforAcuteKidneyNoDialysis,Kidney_KidneyConditions,KidneyConditions_AcuteKidneyNoDialysis
Kidney_KidneyWithDialysisCurrently,Kidney_KidneyConditions,KidneyConditions_KidneyWithDialysis
Kidney_HowOldWereYouKidneyWithDialysis,Kidney_KidneyConditions,KidneyConditions_KidneyWithDialysis
Kidney_RxMedsforKidneyWithDialysis,Kidney_KidneyConditions,KidneyConditions_KidneyWithDialysis
Kidney_KidneyWithoutDialysisCurrently,Kidney_KidneyConditions,KidneyConditions_KidneyWithoutDialysis
Kidney_HowOldWereYouKidneyWithoutDialysis,Kidney_KidneyConditions,KidneyConditions_KidneyWithoutDialysis
Kidney_RxMedsforKidneyWithoutDialysis,Kidney_KidneyConditions,KidneyConditions_KidneyWithoutDialysis
Kidney_KidneyStonesCurrently,Kidney_KidneyConditions,KidneyConditions_KidneyStones
Kidney_HowOldWereYouKidneyStones,Kidney_KidneyConditions,KidneyConditions_KidneyStones
Kidney_RxMedsforKidneyStones,Kidney_KidneyConditions,KidneyConditions_KidneyStones
Kidney_OtherKidneyConditionCurrently,Kidney_KidneyConditions,KidneyConditions_OtherKidneyCondition
Kidney_HowOldWereYouOtherKidneyCondition,Kidney_KidneyConditions,KidneyConditions_OtherKidneyCondition
Kidney_RxMedsforOtherKidneyCondition,Kidney_KidneyConditions,KidneyConditions_OtherKidneyCondition
OtherArthritis_FreeTextBox,SkeletalMuscular_SkeletalMuscularConditions,SkeletalMuscularConditions_OtherArthritis
OtherBoneJointMuscle_FreeTextBox,SkeletalMuscular_SkeletalMuscularConditions,SkeletalMuscularConditions_OtherBoneJointMuscle
SkeletalMuscular_CarpalTunnelCurrently,SkeletalMuscular_SkeletalMuscularConditions,SkeletalMuscularConditions_CarpalTunnel
SkeletalMuscular_HowOldWereYouCarpalTunnel,SkeletalMuscular_SkeletalMuscularConditions,SkeletalMuscularConditions_CarpalTunnel
SkeletalMuscular_RxMedsforCarpalTunnel,SkeletalMuscular_SkeletalMuscularConditions,SkeletalMuscularConditions_CarpalTunnel
SkeletalMuscular_FibromyalgiaCurrently,SkeletalMuscular_SkeletalMuscularConditions,SkeletalMuscularConditions_Fibromyalgia
SkeletalMuscular_HowOldWereYouFibromyalgia,SkeletalMuscular_SkeletalMuscularConditions,SkeletalMuscularConditions_Fibromyalgia
SkeletalMuscular_RxMedsforFibromyalgia,SkeletalMuscular_SkeletalMuscularConditions,SkeletalMuscularConditions_Fibromyalgia
SkeletalMuscular_FracturedBrokenBoneCurrently,SkeletalMuscular_SkeletalMuscularConditions,SkeletalMuscularConditions_FracturedBrokenBone
SkeletalMuscular_HowOldWereYouFracturedBrokenBone,SkeletalMuscular_SkeletalMuscularConditions,SkeletalMuscularConditions_FracturedBrokenBone
SkeletalMuscular_RxMedsforFracturedBrokenBone,SkeletalMuscular_SkeletalMuscularConditions,SkeletalMuscularConditions_FracturedBrokenBone
SkeletalMuscular_GoutCurrently,SkeletalMuscular_SkeletalMuscularConditions,SkeletalMuscularConditions_Gout
SkeletalMuscular_HowOldWereYouGout,SkeletalMuscular_SkeletalMuscularConditions,SkeletalMuscularConditions_Gout
SkeletalMuscular_RxMedsforGout,SkeletalMuscular_SkeletalMuscularConditions,SkeletalMuscularConditions_Gout
SkeletalMuscular_OsteoarthritisCurrently,SkeletalMuscular_SkeletalMuscularConditions,SkeletalMuscularConditions_Osteoarthritis
SkeletalMuscular_HowOldWereYouOsteoarthritis,SkeletalMuscular_SkeletalMuscularConditions,SkeletalMuscularConditions_Osteoarthritis
SkeletalMuscular_RxMedsforOsteoarthritis,SkeletalMuscular_SkeletalMuscularConditions,SkeletalMuscularConditions_Osteoarthritis
SkeletalMuscular_OsteoporosisCurrently,SkeletalMuscular_SkeletalMuscularConditions,SkeletalMuscularConditions_Osteoporosis
SkeletalMuscular_HowOldWereYouOsteoporosis,SkeletalMuscular_SkeletalMuscularConditions,SkeletalMuscularConditions_Osteoporosis
SkeletalMuscular_RxMedsforOsteoporosis,SkeletalMuscular_SkeletalMuscularConditions,SkeletalMuscularConditions_Osteoporosis
SkeletalMuscular_PseudogoutCurrently,SkeletalMuscular_SkeletalMuscularConditions,SkeletalMuscularConditions_Pseudogout
SkeletalMuscular_HowOldWereYouPseudogout,SkeletalMuscular_SkeletalMuscularConditions,SkeletalMuscularConditions_Pseudogout
SkeletalMuscular_RxMedsforPseudogout,SkeletalMuscular_SkeletalMuscularConditions,SkeletalMuscularConditions_Pseudogout
SkeletalMuscular_RheumatoidArthritisCurrently,SkeletalMuscular_SkeletalMuscularConditions,SkeletalMuscularConditions_Rheumatoidarthritis
SkeletalMuscular_HowOldWereYouRheumatoidArthritis,SkeletalMuscular_SkeletalMuscularConditions,SkeletalMuscularConditions_Rheumatoidarthritis
SkeletalMuscular_RxMedsforRheumatoidArthritis,SkeletalMuscular_SkeletalMuscularConditions,SkeletalMuscularConditions_Rheumatoidarthritis
SkeletalMuscular_SpineMuscleBoneCurrently,SkeletalMuscular_SkeletalMuscularConditions,SkeletalMuscularConditions_SpineMuscleBone
SkeletalMuscular_HowOldWereYouSpineMuscleBone,SkeletalMuscular_SkeletalMuscularConditions,SkeletalMuscularConditions_SpineMuscleBone
SkeletalMuscular_RxMedsforSpineMuscleBone,SkeletalMuscular_SkeletalMuscularConditions,SkeletalMuscularConditions_SpineMuscleBone
SkeletalMuscular_LupusCurrently,SkeletalMuscular_SkeletalMuscularConditions,SkeletalMuscularConditions_SystemicLupus
SkeletalMuscular_HowOldWereYouLupus,SkeletalMuscular_SkeletalMuscularConditions,SkeletalMuscularConditions_SystemicLupus
SkeletalMuscular_RxMedsforLupus,SkeletalMuscular_SkeletalMuscularConditions,SkeletalMuscularConditions_SystemicLupus
SkeletalMuscular_OtherArthritisCurrently,SkeletalMuscular_SkeletalMuscularConditions,SkeletalMuscularConditions_OtherArthritis
SkeletalMuscular_HowOldWereYouOtherArthritis,SkeletalMuscular_SkeletalMuscularConditions,SkeletalMuscularConditions_OtherArthritis
SkeletalMuscular_RxMedsforOtherArthritis,SkeletalMuscular_SkeletalMuscularConditions,SkeletalMuscularConditions_OtherArthritis
SkeletalMuscular_OtherBoneJointMuscleConditionCurrently (short- SkeletalMuscular_OtherConditionCurrently),SkeletalMuscular_SkeletalMuscularConditions,SkeletalMuscularConditions_OtherBoneJointMuscle
SkeletalMuscular_HowOldWereYouOtherBoneJointMuscleCondition (short- SkeletalMuscle_HowOldOtherCondition),SkeletalMuscular_SkeletalMuscularConditions,SkeletalMuscularConditions_OtherBoneJointMuscle
SkeletalMuscular_RxMedsforOtherBoneJointMuscleCondition,SkeletalMuscular_SkeletalMuscularConditions,SkeletalMuscularConditions_OtherBoneJointMuscle
OtherHearingEye_FreeTextBox,HearingVision_HearingVisionConditions,HearingVisionConditions_OtherHearingEye
HearingVision_BlindnessCurrently,HearingVision_HearingVisionConditions,HearingVisionConditions_Blindness
HearingVision_HowOldWereYouBlindness,HearingVision_HearingVisionConditions,HearingVisionConditions_Blindness
HearingVision_RxMedsforBlindness,HearingVision_HearingVisionConditions,HearingVisionConditions_Blindness
HearingVision_CataractsCurrently,HearingVision_HearingVisionConditions,HearingVisionConditions_Cataracts
HearingVision_HowOldWereYouCataracts,HearingVision_HearingVisionConditions,HearingVisionConditions_Cataracts
HearingVision_RxMedsforCataracts,HearingVision_HearingVisionConditions,HearingVisionConditions_Cataracts
HearingVision_DryEyesCurrently,HearingVision_HearingVisionConditions,HearingVisionConditions_DryEyes
HearingVision_HowOldWereYouDryEyes,HearingVision_HearingVisionConditions,HearingVisionConditions_DryEyes
HearingVision_RxMedsforDryEyes,HearingVision_HearingVisionConditions,HearingVisionConditions_DryEyes
HearingVision_FarSightednessCurrently,HearingVision_HearingVisionConditions,HearingVisionConditions_FarSightedness
HearingVision_HowOldWereYouFarSightedness,HearingVision_HearingVisionConditions,HearingVisionConditions_FarSightedness
HearingVision_RxMedsforFarSightedness,HearingVision_HearingVisionConditions,HearingVisionConditions_FarSightedness
HearingVision_NearSightednessCurrently,HearingVision_HearingVisionConditions,HearingVisionConditions_NearSightedness
HearingVision_HowOldWereYouNearSightedness,HearingVision_HearingVisionConditions,HearingVisionConditions_NearSightedness
HearingVision_RxMedsforNearSightedness,HearingVision_HearingVisionConditions,HearingVisionConditions_NearSightedness
HearingVision_AstigmatismCurrently,HearingVision_HearingVisionConditions,HearingVisionConditions_Astigmatism
HearingVision_HowOldWereYouAstigmatism,HearingVision_HearingVisionConditions,HearingVisionConditions_Astigmatism
HearingVision_RxMedsforAstigmatism,HearingVision_HearingVisionConditions,HearingVisionConditions_Astigmatism
HearingVision_GlaucomaCurrently,HearingVision_HearingVisionConditions,HearingVisionConditions_Glaucoma
HearingVision_HowOldWereYouGlaucoma,HearingVision_HearingVisionConditions,HearingVisionConditions_Glaucoma
HearingVision_RxMedsforGlaucoma,HearingVision_HearingVisionConditions,HearingVisionConditions_Glaucoma
HearingVision_MacularDegenerationCurrently,HearingVision_HearingVisionConditions,HearingVisionConditions_MacularDegeneration
HearingVision_HowOldWereYouMacularDegeneration,HearingVision_HearingVisionConditions,HearingVisionConditions_MacularDegeneration
HearingVision_RxMedsforMacularDegeneration,HearingVision_HearingVisionConditions,HearingVisionConditions_MacularDegeneration
HearingVision_TinnitusCurrently,HearingVision_HearingVisionConditions,HearingVisionConditions_Tinnitus
HearingVision_HowOldWereYouTinnitus,HearingVision_HearingVisionConditions,HearingVisionConditions_Tinnitus
HearingVision_RxMedsforTinnitus,HearingVision_HearingVisionConditions,HearingVisionConditions_Tinnitus
HearingVision_HearingLossCurrently,HearingVision_HearingVisionConditions,HearingVisionConditions_HearingLoss
HearingVision_HowOldWereYouHearingLoss,HearingVision_HearingVisionConditions,HearingVisionConditions_HearingLoss
HearingVision_RxMedsforHearingLoss,HearingVision_HearingVisionConditions,HearingVisionConditions_HearingLoss
HearingVision_OtherHearingEyeConditionCurrently,HearingVision_HearingVisionConditions,HearingVisionConditions_OtherHearingEye
HearingVision_HowOldWereYouOtherHearingEyeCondition (short- HearingVision_HowOldOtherCondition),HearingVision_HearingVisionConditions,HearingVisionConditions_OtherHearingEye
HearingVision_BlindnessCurrently,HearingVision_HearingVisionConditions,HearingVisionConditions_OtherHearingEye
OtherInfectiousDisease_FreeTextBox,InfectiousDiseases_InfectiousDiseaseCondition,InfectiousDiseaseCondition_OtherInfectiousDisease
InfectiousDiseases_ChickenpoxCurrently,InfectiousDiseases_InfectiousDiseaseCondition,InfectiousDiseaseCondition_Chickenpox
InfectiousDiseases_HowOldWereYouChickenpox,InfectiousDiseases_InfectiousDiseaseCondition,InfectiousDiseaseCondition_Chickenpox
InfectiousDiseases_RxMedsforChickenpox,InfectiousDiseases_InfectiousDiseaseCondition,InfectiousDiseaseCondition_Chickenpox
InfectiousDiseases_ChronicSinusCurrently,InfectiousDiseases_InfectiousDiseaseCondition,InfectiousDiseaseCondition_ChronicSinusInfection
InfectiousDiseases_HowOldWereYouChronicSinus,InfectiousDiseases_InfectiousDiseaseCondition,InfectiousDiseaseCondition_ChronicSinusInfection
InfectiousDiseases_RxMedsforChronicSinus,InfectiousDiseases_InfectiousDiseaseCondition,InfectiousDiseaseCondition_ChronicSinusInfection
InfectiousDiseases_DengueFeverCurrently,InfectiousDiseases_InfectiousDiseaseCondition,InfectiousDiseaseCondition_DengueFever
InfectiousDiseases_HowOldWereYouDengueFever,InfectiousDiseases_InfectiousDiseaseCondition,InfectiousDiseaseCondition_DengueFever
InfectiousDiseases_RxMedsforDengueFever,InfectiousDiseases_InfectiousDiseaseCondition,InfectiousDiseaseCondition_DengueFever
InfectiousDiseases_HepatitisACurrently,InfectiousDiseases_InfectiousDiseaseCondition,InfectiousDiseaseCondition_HepatitisA
InfectiousDiseases_HowOldWereYouHepatitisA,InfectiousDiseases_InfectiousDiseaseCondition,InfectiousDiseaseCondition_HepatitisA
InfectiousDiseases_RxMedsforHepatitisA,InfectiousDiseases_InfectiousDiseaseCondition,InfectiousDiseaseCondition_HepatitisA
InfectiousDiseases_HepatitisBCurrently,InfectiousDiseases_InfectiousDiseaseCondition,InfectiousDiseaseCondition_HepatitisB
InfectiousDiseases_HowOldWereYouHepatitisB,InfectiousDiseases_InfectiousDiseaseCondition,InfectiousDiseaseCondition_HepatitisB
InfectiousDiseases_RxMedsforHepatitisB,InfectiousDiseases_InfectiousDiseaseCondition,InfectiousDiseaseCondition_HepatitisB
InfectiousDiseases_HepatitisCCurrently,InfectiousDiseases_InfectiousDiseaseCondition,InfectiousDiseaseCondition_HepatitisC
InfectiousDiseases_HowOldWereYouHepatitisC,InfectiousDiseases_InfectiousDiseaseCondition,InfectiousDiseaseCondition_HepatitisC
InfectiousDiseases_RxMedsforHepatitisC,InfectiousDiseases_InfectiousDiseaseCondition,InfectiousDiseaseCondition_HepatitisC
InfectiousDiseases_HIVAIDSCurrently,InfectiousDiseases_InfectiousDiseaseCondition,InfectiousDiseaseCondition_HIVAIDS
InfectiousDiseases_HowOldWereYouHIVAIDS,InfectiousDiseases_InfectiousDiseaseCondition,InfectiousDiseaseCondition_HIVAIDS
InfectiousDiseases_RxMedsforHIVAIDS,InfectiousDiseases_InfectiousDiseaseCondition,InfectiousDiseaseCondition_HIVAIDS
InfectiousDiseases_LymeDiseaseCurrently,InfectiousDiseases_InfectiousDiseaseCondition,InfectiousDiseaseCondition_LymeDisease
InfectiousDiseases_HowOldWereYouLymeDisease,InfectiousDiseases_InfectiousDiseaseCondition,InfectiousDiseaseCondition_LymeDisease
InfectiousDiseases_RxMedsforLymeDisease,InfectiousDiseases_InfectiousDiseaseCondition,InfectiousDiseaseCondition_LymeDisease
InfectiousDiseases_UrinaryTractCurrently,InfectiousDiseases_InfectiousDiseaseCondition,InfectiousDiseaseCondition_UrinaryTractInfection
InfectiousDiseases_HowOldWereYouUrinaryTract,InfectiousDiseases_InfectiousDiseaseCondition,InfectiousDiseaseCondition_UrinaryTractInfection
InfectiousDiseases_RxMedsforUrinaryTract,InfectiousDiseases_InfectiousDiseaseCondition,InfectiousDiseaseCondition_UrinaryTractInfection
InfectiousDiseases_YeastInfectionCurrently,InfectiousDiseases_InfectiousDiseaseCondition,InfectiousDiseaseCondition_YeastInfection
InfectiousDiseases_HowOldWereYouYeastInfection,InfectiousDiseases_InfectiousDiseaseCondition,InfectiousDiseaseCondition_YeastInfection
InfectiousDiseases_RxMedsforYeastInfection,InfectiousDiseases_InfectiousDiseaseCondition,InfectiousDiseaseCondition_YeastInfection
InfectiousDiseases_SARSCurrently,InfectiousDiseases_InfectiousDiseaseCondition,InfectiousDiseaseCondition_SARS
InfectiousDiseases_HowOldWereYouSARS,InfectiousDiseases_InfectiousDiseaseCondition,InfectiousDiseaseCondition_SARS
InfectiousDiseases_RxMedsforSARS,InfectiousDiseases_InfectiousDiseaseCondition,InfectiousDiseaseCondition_SARS
InfectiousDiseases_STIsCurrently,InfectiousDiseases_InfectiousDiseaseCondition,InfectiousDiseaseCondition_SexuallyTransmittedInfections
InfectiousDiseases_HowOldWereYouSTIs,InfectiousDiseases_InfectiousDiseaseCondition,InfectiousDiseaseCondition_SexuallyTransmittedInfections
InfectiousDiseases_RxMedsforSTIs,InfectiousDiseases_InfectiousDiseaseCondition,InfectiousDiseaseCondition_SexuallyTransmittedInfections
InfectiousDiseases_ShinglesCurrently,InfectiousDiseases_InfectiousDiseaseCondition,InfectiousDiseaseCondition_Shingles
InfectiousDiseases_HowOldWereYouShingles,InfectiousDiseases_InfectiousDiseaseCondition,InfectiousDiseaseCondition_Shingles
InfectiousDiseases_RxMedsforShingles,InfectiousDiseases_InfectiousDiseaseCondition,InfectiousDiseaseCondition_Shingles
InfectiousDiseases_TuberculosisCurrently,InfectiousDiseases_InfectiousDiseaseCondition,InfectiousDiseaseCondition_Tuberculosis
InfectiousDiseases_HowOldWereYouTuberculosis,InfectiousDiseases_InfectiousDiseaseCondition,InfectiousDiseaseCondition_Tuberculosis
InfectiousDiseases_RxMedsforTuberculosis,InfectiousDiseases_InfectiousDiseaseCondition,InfectiousDiseaseCondition_Tuberculosis
InfectiousDiseases_WestNileVirusCurrently,InfectiousDiseases_InfectiousDiseaseCondition,InfectiousDiseaseCondition_WestNileVirus
InfectiousDiseases_HowOldWereYouWestNileVirus,InfectiousDiseases_InfectiousDiseaseCondition,InfectiousDiseaseCondition_WestNileVirus
InfectiousDiseases_RxMedsforWestNileVirus,InfectiousDiseases_InfectiousDiseaseCondition,InfectiousDiseaseCondition_WestNileVirus
InfectiousDiseases_ZikaVirusCurrently,InfectiousDiseases_InfectiousDiseaseCondition,InfectiousDiseaseCondition_ZikaVirus
InfectiousDiseases_HowOldWereYouZikaVirus,InfectiousDiseases_InfectiousDiseaseCondition,InfectiousDiseaseCondition_ZikaVirus
InfectiousDiseases_RxMedsforZikaVirus,InfectiousDiseases_InfectiousDiseaseCondition,InfectiousDiseaseCondition_ZikaVirus
InfectiousDiseases_OtherInfectiousDiseaseCurrently,InfectiousDiseases_InfectiousDiseaseCondition,InfectiousDiseaseCondition_OtherInfectiousDisease
InfectiousDiseases_HowOldWereYouOtherInfectiousDisease,InfectiousDiseases_InfectiousDiseaseCondition,InfectiousDiseaseCondition_OtherInfectiousDisease
InfectiousDiseases_RxMedsforOtherInfectiousDisease,InfectiousDiseases_InfectiousDiseaseCondition,InfectiousDiseaseCondition_OtherInfectiousDisease
OtherBrainNervousSystem_FreeTextBox,NervousSystem_NervousSystemCondition,OtherBrainNervousSystem_FreeTextBox
NervousSystem_CerebralPalsyCurrently,NervousSystem_NervousSystemCondition,NervousSystemCondition_CerebralPalsy
NervousSystem_HowOldWereYouCerebralPalsy,NervousSystem_NervousSystemCondition,NervousSystemCondition_CerebralPalsy
NervousSystem_RxMedsforCerebralPalsy,NervousSystem_NervousSystemCondition,NervousSystemCondition_CerebralPalsy
NervousSystem_ChronicFatigueCurrently,NervousSystem_NervousSystemCondition,NervousSystemCondition_ChronicFatigue
NervousSystem_HowOldWereYouChronicFatigue,NervousSystem_NervousSystemCondition,NervousSystemCondition_ChronicFatigue
NervousSystem_RxMedsforChronicFatigue,NervousSystem_NervousSystemCondition,NervousSystemCondition_ChronicFatigue
NervousSystem_ConcussionCurrently,NervousSystem_NervousSystemCondition,NervousSystemCondition_Concussion
NervousSystem_HowOldWereYouConcussion,NervousSystem_NervousSystemCondition,NervousSystemCondition_Concussion
NervousSystem_RxMedsforConcussion,NervousSystem_NervousSystemCondition,NervousSystemCondition_Concussion
NervousSystem_DementiaCurrently,NervousSystem_NervousSystemCondition,NervousSystemCondition_Dementia
NervousSystem_HowOldWereYouDementia,NervousSystem_NervousSystemCondition,NervousSystemCondition_Dementia
NervousSystem_RxMedsforDementia,NervousSystem_NervousSystemCondition,NervousSystemCondition_Dementia
NervousSystem_EpilepsyCurrently,NervousSystem_NervousSystemCondition,NervousSystemCondition_Epilepsy
NervousSystem_HowOldWereYouEpilepsy,NervousSystem_NervousSystemCondition,NervousSystemCondition_Epilepsy
NervousSystem_RxMedsforEpilepsy,NervousSystem_NervousSystemCondition,NervousSystemCondition_Epilepsy
NervousSystem_InsomniaCurrently,NervousSystem_NervousSystemCondition,NervousSystemCondition_Insomnia
NervousSystem_HowOldWereYouInsomnia,NervousSystem_NervousSystemCondition,NervousSystemCondition_Insomnia
NervousSystem_RxMedsforInsomnia,NervousSystem_NervousSystemCondition,NervousSystemCondition_Insomnia
NervousSystem_LouGehrigsDiseaseCurrently,NervousSystem_NervousSystemCondition,NervousSystemCondition_LouGehrigs
NervousSystem_HowOldWereYouLouGehrigsDisease,NervousSystem_NervousSystemCondition,NervousSystemCondition_LouGehrigs
NervousSystem_RxMedsforLouGehrigsDisease,NervousSystem_NervousSystemCondition,NervousSystemCondition_LouGehrigs
NervousSystem_MemoryLossCurrently,NervousSystem_NervousSystemCondition,NervousSystemCondition_MemoryLoss
NervousSystem_HowOldWereYouMemoryLoss,NervousSystem_NervousSystemCondition,NervousSystemCondition_MemoryLoss
NervousSystem_RxMedsforMemoryLoss,NervousSystem_NervousSystemCondition,NervousSystemCondition_MemoryLoss
NervousSystem_MigraineCurrently,NervousSystem_NervousSystemCondition,NervousSystemCondition_Migraine
NervousSystem_HowOldWereYouMigraine,NervousSystem_NervousSystemCondition,NervousSystemCondition_Migraine
NervousSystem_RxMedsforMigraine,NervousSystem_NervousSystemCondition,NervousSystemCondition_Migraine
NervousSystem_MultipleSclerosisCurrently,NervousSystem_NervousSystemCondition,NervousSystemCondition_MultipleSclerosis
NervousSystem_HowOldWereYouMultipleSclerosis,NervousSystem_NervousSystemCondition,NervousSystemCondition_MultipleSclerosis
NervousSystem_RxMedsforMultipleSclerosis,NervousSystem_NervousSystemCondition,NervousSystemCondition_MultipleSclerosis
NervousSystem_MuscularDystrophyCurrently,NervousSystem_NervousSystemCondition,NervousSystemCondition_MuscularDystrophy
NervousSystem_HowOldWereYouMuscularDystrophy,NervousSystem_NervousSystemCondition,NervousSystemCondition_MuscularDystrophy
NervousSystem_RxMedsforMuscularDystrophy,NervousSystem_NervousSystemCondition,NervousSystemCondition_MuscularDystrophy
NervousSystem_NarcolepsyCurrently,NervousSystem_NervousSystemCondition,NervousSystemCondition_Narcolepsy
NervousSystem_HowOldWereYouNarcolepsy,NervousSystem_NervousSystemCondition,NervousSystemCondition_Narcolepsy
NervousSystem_RxMedsforNarcolepsy,NervousSystem_NervousSystemCondition,NervousSystemCondition_Narcolepsy
NervousSystem_NeuropathyCurrently,NervousSystem_NervousSystemCondition,NervousSystemCondition_Neuropathy
NervousSystem_HowOldWereYouNeuropathy,NervousSystem_NervousSystemCondition,NervousSystemCondition_Neuropathy
NervousSystem_RxMedsforNeuropathy,NervousSystem_NervousSystemCondition,NervousSystemCondition_Neuropathy
NervousSystem_ParkinsonsDiseaseCurrently,NervousSystem_NervousSystemCondition,NervousSystemCondition_ParkinsonsDisease
NervousSystem_HowOldWereYouParkinsonsDisease,NervousSystem_NervousSystemCondition,NervousSystemCondition_ParkinsonsDisease
NervousSystem_RxMedsforParkinsonsDisease,NervousSystem_NervousSystemCondition,NervousSystemCondition_ParkinsonsDisease
NervousSystem_RestlessLegCurrently,NervousSystem_NervousSystemCondition,NervousSystemCondition_RestlessLegSyndrome
NervousSystem_HowOldWereYouRestlessLeg,NervousSystem_NervousSystemCondition,NervousSystemCondition_RestlessLegSyndrome
NervousSystem_RxMedsforRestlessLeg,NervousSystem_NervousSystemCondition,NervousSystemCondition_RestlessLegSyndrome
NervousSystem_SpinalCordInjuryCurrently,NervousSystem_NervousSystemCondition,NervousSystemCondition_SpinalCordInjury
NervousSystem_HowOldWereYouSpinalCordInjury,NervousSystem_NervousSystemCondition,NervousSystemCondition_SpinalCordInjury
NervousSystem_RxMedsforSpinalCordInjury,NervousSystem_NervousSystemCondition,NervousSystemCondition_SpinalCordInjury
NervousSystem_TraumaticBrainInjuryCurrently,NervousSystem_NervousSystemCondition,NervousSystemCondition_TraumaticBrainInjury
NervousSystem_HowOldWereYouTraumaBrainInjury,NervousSystem_NervousSystemCondition,NervousSystemCondition_TraumaticBrainInjury
NervousSystem_RxMedsforTraumaBrainInjury,NervousSystem_NervousSystemCondition,NervousSystemCondition_TraumaticBrainInjury
NervousSystem_OtherBrainNervousSystemCurrently,NervousSystem_NervousSystemCondition,NervousSystemCondition_OtherBrainNervousSystem
NervousSystem_HowOldWereYouOtherBrainNervousSystem (short- NervousSystem_HowOldOtherCondition),NervousSystem_NervousSystemCondition,NervousSystemCondition_OtherBrainNervousSystem
NervousSystem_RxMedsforOtherBrainNervousSystem,NervousSystem_NervousSystemCondition,NervousSystemCondition_OtherBrainNervousSystem
OtherMentalHealthSubstanceUse_FreeTextBox,MentalHealth_MentalHealthCondition,MentalHealthCondition_OtherMentalHealthSubstanceUse
MentalHealth_AlcoholDisorderCurrently,MentalHealth_MentalHealthCondition,MentalHealthCondition_AlcoholUse
MentalHealth_HowOldWereYouAlcoholDisorder,MentalHealth_MentalHealthCondition,MentalHealthCondition_AlcoholUse
MentalHealth_RxMedsforAlcoholDisorder,MentalHealth_MentalHealthCondition,MentalHealthCondition_AlcoholUse
MentalHealth_AnxietyCurrently,MentalHealth_MentalHealthCondition,MentalHealthCondition_Anxiety
MentalHealth_HowOldWereYouAnxiety,MentalHealth_MentalHealthCondition,MentalHealthCondition_Anxiety
MentalHealth_RxMedsforAnxiety,MentalHealth_MentalHealthCondition,MentalHealthCondition_Anxiety
MentalHealth_ADHDCurrently,MentalHealth_MentalHealthCondition,MentalHealthCondition_ADHD
MentalHealth_HowOldWereYouADHD,MentalHealth_MentalHealthCondition,MentalHealthCondition_ADHD
MentalHealth_RxMedsforADHD,MentalHealth_MentalHealthCondition,MentalHealthCondition_ADHD
MentalHealth_AutismCurrently,MentalHealth_MentalHealthCondition,MentalHealthCondition_AutismSpectrum
MentalHealth_HowOldWereYouAutism,MentalHealth_MentalHealthCondition,MentalHealthCondition_AutismSpectrum
MentalHealth_RxMedsforAutism,MentalHealth_MentalHealthCondition,MentalHealthCondition_AutismSpectrum
MentalHealth_BipolarCurrently,MentalHealth_MentalHealthCondition,MentalHealthCondition_Bipolar
MentalHealth_HowOldWereYouBipolar,MentalHealth_MentalHealthCondition,MentalHealthCondition_Bipolar
MentalHealth_RxMedsforBipolar,MentalHealth_MentalHealthCondition,MentalHealthCondition_Bipolar
MentalHealth_DepressionCurrently,MentalHealth_MentalHealthCondition,MentalHealthCondition_Depression
MentalHealth_HowOldWereYouDepression,MentalHealth_MentalHealthCondition,MentalHealthCondition_Depression
MentalHealth_RxMedsforDepression,MentalHealth_MentalHealthCondition,MentalHealthCondition_Depression
MentalHealth_DrugUseDisorderCurrently,MentalHealth_MentalHealthCondition,MentalHealthCondition_DrugUse
MentalHealth_HowOldWereYouDrugUseDisorder,MentalHealth_MentalHealthCondition,MentalHealthCondition_DrugUse
MentalHealth_RxMedsforDrugUseDisorder,MentalHealth_MentalHealthCondition,MentalHealthCondition_DrugUse
MentalHealth_EatingDisorderCurrently,MentalHealth_MentalHealthCondition,MentalHealthCondition_EatingDisorder
MentalHealth_HowOldWereYouEatingDisorder,MentalHealth_MentalHealthCondition,MentalHealthCondition_EatingDisorder
MentalHealth_RxMedsforEatingDisorder,MentalHealth_MentalHealthCondition,MentalHealthCondition_EatingDisorder
MentalHealth_PersonalityDisorderCurrently,MentalHealth_MentalHealthCondition,MentalHealthCondition_PersonalityDisorder
MentalHealth_HowOldWereYouPersonalityDisorder,MentalHealth_MentalHealthCondition,MentalHealthCondition_PersonalityDisorder
MentalHealth_RxMedsforPersonalityDisorder,MentalHealth_MentalHealthCondition,MentalHealthCondition_PersonalityDisorder
MentalHealth_PTSDCurrently,MentalHealth_MentalHealthCondition,MentalHealthCondition_PTSD
MentalHealth_HowOldWereYouPTSD,MentalHealth_MentalHealthCondition,MentalHealthCondition_PTSD
MentalHealth_RxMedsforPTSD,MentalHealth_MentalHealthCondition,MentalHealthCondition_PTSD
MentalHealth_SchizophreniaCurrently,MentalHealth_MentalHealthCondition,MentalHealthCondition_Schizophrenia
MentalHealth_HowOldWereYouSchizophrenia,MentalHealth_MentalHealthCondition,MentalHealthCondition_Schizophrenia
MentalHealth_RxMedsforSchizophrenia,MentalHealth_MentalHealthCondition,MentalHealthCondition_Schizophrenia
MentalHealth_SocialPhobiaCurrently,MentalHealth_MentalHealthCondition,MentalHealthCondition_SocialPhobia
MentalHealth_HowOldWereYouSocialPhobia,MentalHealth_MentalHealthCondition,MentalHealthCondition_SocialPhobia
MentalHealth_RxMedsforSocialPhobia,MentalHealth_MentalHealthCondition,MentalHealthCondition_SocialPhobia
MentalHealth_OtherMentalHealthSubstanceUseCurrently (short- MentalHealth_OtherConditionCurrently),MentalHealth_MentalHealthCondition,MentalHealthCondition_OtherMentalHealthSubstanceUse
MentalHealth_HowOldWereYouOtherMentalHealthSubstanceUse (short- MentalHealthCondition_OtherHowOld),MentalHealth_MentalHealthCondition,MentalHealthCondition_OtherMentalHealthSubstanceUse
MentalHealth_RxMedsforOtherMentalHealthSubstanceUse (short- MentalHealth_RxMedsOtherCondition),MentalHealth_MentalHealthCondition,MentalHealthCondition_OtherMentalHealthSubstanceUse
OtherDiagnosis_FreeTextBox,OtherConditions_OtherDiagnosis,OtherConditions_OtherDiagnosis
Other_AcneCurrently,OtherConditions_OtherDiagnosis,OtherConditions_Acne
Other_HowOldWereYouAcne,OtherConditions_OtherDiagnosis,OtherConditions_Acne
Other_RxMedsforAcne,OtherConditions_OtherDiagnosis,OtherConditions_Acne
Other_AllergiesCurrently,OtherConditions_OtherDiagnosis,OtherConditions_Allergies
Other_HowOldWereYouAllergies,OtherConditions_OtherDiagnosis,OtherConditions_Allergies
Other_RxMedsforAllergies,OtherConditions_OtherDiagnosis,OtherConditions_Allergies
Other_EndometriosisCurrently,OtherConditions_OtherDiagnosis,OtherConditions_Endometriosis
Other_HowOldWereYouEndometriosis,OtherConditions_OtherDiagnosis,OtherConditions_Endometriosis
Other_RxMedsforEndometriosis,OtherConditions_OtherDiagnosis,OtherConditions_Endometriosis
Other_EnlargedProstateCurrently,OtherConditions_OtherDiagnosis,OtherConditions_EnlargedProstate
Other_HowOldWereYouEnlargedProstate,OtherConditions_OtherDiagnosis,OtherConditions_EnlargedProstate
Other_RxMedsforEnlargedProstate,OtherConditions_OtherDiagnosis,OtherConditions_EnlargedProstate
Other_FibroidsCurrently,OtherConditions_OtherDiagnosis,OtherConditions_Fibroids
Other_HowOldWereYouFibroids,OtherConditions_OtherDiagnosis,OtherConditions_Fibroids
Other_RxMedsforFibroids,OtherConditions_OtherDiagnosis,OtherConditions_Fibroids
Other_ObesityCurrently,OtherConditions_OtherDiagnosis,OtherConditions_Obesity
Other_HowOldWereYouObesity,OtherConditions_OtherDiagnosis,OtherConditions_Obesity
Other_RxMedsforObesity,OtherConditions_OtherDiagnosis,OtherConditions_Obesity
Other_PCOSCurrently,OtherConditions_OtherDiagnosis,OtherConditions_PCOS
Other_HowOldWereYouPCOS,OtherConditions_OtherDiagnosis,OtherConditions_PCOS
Other_RxMedsforPCOS,OtherConditions_OtherDiagnosis,OtherConditions_PCOS
Other_ReactionsAnesthesiaCurrently,OtherConditions_OtherDiagnosis,OtherConditions_ReactionsAnesthesia
Other_HowOldWereYouReactionsAnesthesia,OtherConditions_OtherDiagnosis,OtherConditions_ReactionsAnesthesia
Other_RxMedsforReactionsAnesthesia,OtherConditions_OtherDiagnosis,OtherConditions_ReactionsAnesthesia
Other_SkinConditionCurrently,OtherConditions_OtherDiagnosis,OtherConditions_SkinCondition
Other_HowOldWereYouSkinCondition,OtherConditions_OtherDiagnosis,OtherConditions_SkinCondition
Other_RxMedsforSkinCondition,OtherConditions_OtherDiagnosis,OtherConditions_SkinCondition
Other_VitaminBDeficiencyCurrently,OtherConditions_OtherDiagnosis,OtherConditions_VitaminBDeficiency
Other_HowOldWereYouVitaminBDeficiency,OtherConditions_OtherDiagnosis,OtherConditions_VitaminBDeficiency
Other_RxMedsforVitaminBDeficiency,OtherConditions_OtherDiagnosis,OtherConditions_VitaminBDeficiency
Other_VitaminDDeficiencyCurrently,OtherConditions_OtherDiagnosis,OtherConditions_VitaminDDeficiency
Other_HowOldWereYouVitaminDDeficiency,OtherConditions_OtherDiagnosis,OtherConditions_VitaminDDeficiency
Other_RxMedsforVitaminDDeficiency,OtherConditions_OtherDiagnosis,OtherConditions_VitaminDDeficiency
Other_OtherDiagnosisCurrently,OtherConditions_OtherDiagnosis,OtherConditions_OtherDiagnosis
Other_HowOldWereYouOtherDiagnosis,OtherConditions_OtherDiagnosis,OtherConditions_OtherDiagnosis
Other_RxMedsforOtherDiagnosis,OtherConditions_OtherDiagnosis,OtherConditions_OtherDiagnosis
